"Code","Company","Market Cap","alpha","beta","alpha(0) ~ Pr(>|t|)","beta(1) ~ Pr(>|t|)","alpha.rtns","Exp.Rtn","Exp.Rtn.SD","Rtn.SD","Sharpe","RP.Exp.Rtn","RP.Exp.Rtn.SE","RP.Rtn.SD","RP.Sharpe","Rep. Port. Superior?"
"ABW","Aurora Absolute Return Fund","1,544,850",-0.0296922038022246,0.113969282242685,0.310134696147354,0.174865275857845,"FALSE",-0.0305455872550741,0.0287422948229494,0.21889479591343,-0.139544602363021,-2.38453385033212e-05,0.000678710450181078,0.00516890479315784,-0.00461322842217672,"TRUE"
"ACQ","Acorn Capital Investment Fund Ltd","42,683,000",-5.28405471735894e-05,0.89865942598634,0.997053075811561,0.750229469339809,"FALSE",-0.0010704015900683,0.0150976114631104,0.114979983343539,-0.00930946029858201,-0.00018802292854854,0.00535170119148318,0.0407573420047174,-0.00461322842217672,"TRUE"
"ACR","ACRUX Ltd","18,532,100",-0.0359058097340408,0.7827785270606,0.10685305046309,0.657479809919479,"FALSE",-0.0368991254784956,0.0222106863731022,0.16915154794305,-0.218142405004292,-0.000163777630108655,0.00466160667189323,0.0355017387219202,-0.00461322842217674,"TRUE"
"AEG","Absolute Equity Performance Fund Ltd","97,147,100",0.00114891793908312,-0.116270957229463,0.908247066000543,5.13663974806855e-06,"FALSE",0.000194040052901391,0.00984352141550244,0.0702968036736395,0.0027602969517966,2.43269087835264e-05,0.000692417396787271,0.0052732937884848,0.0046132284221768,"TRUE"
"AFI","Australian Foundation Investment Company Ltd","6,838,560,000",-0.0011097210942112,0.044678910233146,0.968162789765277,0.126351713103426,"FALSE",-0.00194860719880091,0.0274368396984398,0.208952745885277,-0.00932558790048525,-9.34799024354862e-06,0.000266072073818688,0.0020263445440098,-0.00461322842217666,"TRUE"
"AGM","Australian Governance & Ethical INDEX Fund","26,766,000",-0.00462954924727507,1.02594953569644,0.252931215704406,0.682544460548239,"FALSE",-0.0131190473617716,0.0151552682194515,0.0677764199118716,-0.19356359304357,-0.000214655330669831,0.00610973990125569,0.0465303928238067,-0.00461322842217668,"TRUE"
"AIB","Aurora Global Income Trust","766,347",-0.0348540523190753,-0.727551292244043,0.0839276048426019,0.000242522602005607,"FALSE",-0.0355313677774504,0.0201049756519354,0.153114932864059,-0.23205684196065,0.000152222655970985,0.00433271716178133,0.0329969908360092,0.00461322842217679,"TRUE"
"AIQ","Alternative Investment Trust","27,586,900",-0.00435603487664772,-0.3335000449349,0.936395211827612,0.274606220524067,"FALSE",-0.00511579610632937,0.0538984923823575,0.410478688732169,-0.0124630005083342,6.97768846645171e-05,0.00198606116647457,0.0151253912182377,0.00461322842217676,"TRUE"
"AIY","Authorised Investment Fund Ltd","12,660,500",0,0,0,0,"FALSE",-0.000829538114346162,0,NA,NA,0,0,0,NA,NA
"ALF","Australian Leaders Fund Ltd","207,569,000",-0.00618798329483925,0.291423938497416,0.684650296046418,0.0400789584491703,"FALSE",-0.0070784948778666,0.0151237016691905,0.11517868043333,-0.0614566415523742,-6.09734686811892e-05,0.00173548932307872,0.0132170929122169,-0.00461322842217671,"TRUE"
"ALI","Argo Global Listed Infrastructure Ltd","264,030,000",0.0019254198522326,0.119160769297476,0.848695311141133,0.00022829865851696,"FALSE",0.00112464509582784,0.00997826784813342,0.0746705192023547,0.0150614339881593,-2.49315326402072e-05,0.00070962682033566,0.00540435685351204,-0.0046132284221767,"FALSE"
"AMH","Amcil Ltd","225,604,000",-0.00198973921911481,0.480173955773444,0.736703154783183,0.000207641196337213,"FALSE",-0.00291974221566945,0.00649947185596505,0.049498502962978,-0.0589864751637692,-0.000100464882208483,0.00285953438746993,0.0217775650833865,-0.00461322842217677,"TRUE"
"APL","Antipodes Global Investment Company Ltd","469,478,000",0.000206273625992344,-0.0302668299240012,0.985814184625458,0.000149208318406874,"FALSE",-0.000659119954350215,0.0113807590426848,0.0728724140665981,-0.00904484862746341,6.33260814456501e-06,0.000180245179745278,0.00137270639236569,0.00461322842217666,"TRUE"
"ARG","Argo Investments Ltd","4,818,030,000",-0.00234485156723637,0.509984374080362,0.861110079944952,0.104237633624728,"FALSE",-0.00328109167875275,0.0135672009061173,0.103324723782661,-0.0317551458995854,-0.000106701997170218,0.00303706154242816,0.0231295716156779,-0.00461322842217673,"TRUE"
"AUI","Australian United Investment Company Ltd","923,424,000",-0.0011783690519707,0.535537380616874,0.895654627536785,0.023162021151822,"FALSE",-0.00211995551715932,0.00942132692705688,0.0717506882326313,-0.0295461349483641,-0.000112048350842459,0.00318923493712364,0.0242884896624278,-0.0046132284221768,"TRUE"
"AUP","Aurora Property Buy-Write Income Trust","6,058,230",0.0017733987856111,-1.71120574882097,0.960653018063699,0.00122475585727811,"FALSE",0.00130188942714126,0.036905343402433,0.281062721746921,0.00463202454971431,0.000358028755876322,0.0101905811924096,0.0776091541782758,0.00461322842217679,"FALSE"
"AYF","Australian Enhanced Income Fund","16,222,500",-0.00510112399672603,0.355117290332649,0.0438889044580188,1.07195329518971e-16,"FALSE",-0.00600496188579863,0.00323830836475769,0.0246622217528157,-0.243488277170852,-7.42997747264286e-05,0.00211479629638738,0.0161058087584076,-0.00461322842217672,"TRUE"
"BAF","Blue Sky Alternatives Access Fund Ltd","129,028,000",0.00168810046883584,-0.205271510920493,0.938910022502676,0.016528737979084,"FALSE",0.000901510494257413,0.0217686226426749,0.165784890873783,0.00543783266078064,4.29481397677357e-05,0.00122243394750466,0.00930977958110107,0.0046132284221767,"FALSE"
"BEL","Bentley Capital Ltd","1,979,330",-0.027785562751649,0.269501541752185,0.480151292110638,0.404357865753917,"FALSE",-0.0286714875990147,0.0387783238201462,0.295326915639951,-0.097083896118597,-5.63867330195489e-05,0.00160493695430692,0.0122228356932178,-0.00461322842217677,"TRUE"
"BHD","Benjamin Hornigold Ltd","17,150,200",0,0,0,0,"FALSE",-0.000829538114346162,0,NA,NA,0,0,0,NA,NA
"BKI","BKI Investment Company Ltd","897,327,000",-0.00472410731469864,0.451170075081369,0.560385709167855,0.00339697508062146,"FALSE",-0.00564804194494086,0.00843314400702061,0.064224911326545,-0.087941607520857,-9.43965158960599e-05,0.0026868103294242,0.0204621378473862,-0.00461322842217672,"TRUE"
"BTC","BTC Health Ltd","19,690,600",-0.006018491102426,1.02582355916611,0.780530592100037,0.957118656898639,"FALSE",-0.00706265818987485,0.0221655924131408,0.168808122575539,-0.0418383788772631,-0.00021462897310269,0.00610898968518052,0.0465246793483978,-0.00461322842217678,"TRUE"
"BTI","Bailador Technology Investments Ltd","79,858,500",-0.00904819096137471,1.26720879504594,0.610951688656158,0.499760213073362,"FALSE",-0.0101428621192713,0.0190858044870934,0.145353156516582,-0.0697808177156038,-0.000265133043550386,0.00754648827152948,0.0574723424220317,-0.00461322842217667,"TRUE"
"CAM","Clime Capital Ltd","79,303,000",-0.00807460795757223,1.01279276556367,0.268055326453663,0.936770633415231,"FALSE",-0.00911604866403226,0.00935747556783219,0.071264410768275,-0.127918670283744,-0.000211902592113856,0.00603138863673928,0.0459336873706922,-0.00461322842217669,"TRUE"
"CD1","Cordish Dixon Private Equity Fund I","29,065,200",-0.0189303548045944,1.51342892245492,0.154936456836467,0.0841858119717256,"FALSE",-0.0200765416180156,0.0158302659166515,0.120559713426708,-0.166527781523143,-0.000316648699074974,0.0090127796285422,0.0686392847041298,-0.00461322842217676,"TRUE"
"CD2","Cordish Dixon Private Equity Fund Ii","50,774,800",-0.0142218906316175,1.26183928611519,0.227655308711142,0.316970382670482,"FALSE",-0.0153154383485699,0.0137847136829364,0.104981251738541,-0.145887366505339,-0.000264009602606212,0.00751451174459231,0.0572288164481646,-0.00461322842217679,"TRUE"
"CD3","Cordish Dixon Private Equity Fund Iii","57,622,700",0.00682040683291423,-1.09148550903491,0.749062718174851,4.93168062829039e-05,"FALSE",0.0059758209926411,0.0222799468922225,0.147788448381094,0.0404349667250825,0.000228367161065259,0.00650002006352689,0.0495026779873839,0.00461322842217668,"FALSE"
"CDM","Cadence Capital Ltd","151,416,000",-0.0140328448816389,0.553058842350646,0.3425187775832,0.175879115464145,"FALSE",-0.0149780972924042,0.0148977357045199,0.113457774916751,-0.132014727976063,-0.000115714296419138,0.00329357883529645,0.0250831491158932,-0.00461322842217682,"TRUE"
"CIE","Contango Income Generator Ltd","57,021,400",-0.0114193496876599,0.829937162541454,0.202870628628575,0.398255575621887,"FALSE",-0.0109341760361449,0.0100968530490514,0.0748802663068021,-0.146022130735286,-0.000173644443378578,0.004942446018139,0.0376405474621272,-0.00461322842217675,"TRUE"
"CIN","Carlton Investments Ltd","556,762,000",-0.00555234248684099,0.671316689190697,0.418773568565861,0.0344220619786238,"FALSE",-0.00652233751538088,0.00785042463824284,0.0597870528295412,-0.109092808671749,-0.000140456914193725,0.00399782856721408,0.0304465552840434,-0.00461322842217674,"TRUE"
"CLF","Concentrated Leaders Fund Ltd","56,431,400",-0.00337283000443851,0.735028400982894,0.577260541427184,0.0525813489856491,"FALSE",-0.00435615518040423,0.00739687169645453,0.0563328965333844,-0.0773287980642476,-0.000153787061619554,0.00437724487783198,0.0333361038183733,-0.00461322842217673,"TRUE"
"CVF","Contrarian Value Fund Ltd","50,836,900",0.000106393595294657,0.263799750028744,0.991953145243674,0.0026063828782419,"FALSE",-0.000778338288923043,0.0105274987995688,0.0801750422297705,-0.00970798726482031,-5.51937698715364e-05,0.00157098161519006,0.0119642395347711,-0.00461322842217672,"TRUE"
"D2O","Duxton Water Ltd","155,007,000",0.0102495535627844,-0.196331462532852,0.456245879413753,0.000189428733897188,"FALSE",0.00937359334088583,0.0135324470721054,0.0877002804892439,0.106882136392203,4.10776490895069e-05,0.0011691941258052,0.00890431717884131,0.0046132284221767,"FALSE"
"DJW","Djerriwarrh Investments Ltd","531,480,000",-0.00845371872969403,0.702803347768178,0.581780843032781,0.384940953554155,"FALSE",-0.00943030158626393,0.0156930738411796,0.119514889707992,-0.0789048260790333,-0.000147044742223732,0.00418533807677047,0.0318745851640167,-0.00461322842217666,"TRUE"
"DUI","Diversified United Investment Ltd","813,670,000",0.00180978205788179,0.622675754429923,0.836052495385347,0.0563148497641858,"FALSE",0.000849963978179914,0.00939091979761733,0.071519114434019,0.0118844309651521,-0.000130279965355714,0.00370816182474556,0.0282405190970885,-0.00461322842217676,"FALSE"
"EAF","Evans & Partners Asia Fund","144,500,000",-0.00179700498268635,0.494062112640029,0.840134402139287,0.00245794838884044,"FALSE",-0.00537423797180152,0.0107121435548372,0.0502444069510993,-0.106961914726788,-0.000103370645894578,0.0029422412099893,0.022407441478001,-0.00461322842217683,"TRUE"
"EAI","Ellerston Asian Investments Ltd","124,007,000",0.000727006049009485,0.144292736778458,0.953644269804883,0.00347397077307875,"FALSE",0.000217245644699645,0.0123444362359359,0.0907127098210977,0.00239487548247752,-3.0189793989633e-05,0.000859292841102834,0.00654417930933236,-0.00461322842217675,"FALSE"
"ECL","Excelsior Capital Ltd","34,793,400",0.00199719223716138,-1.2453640538069,0.950130711648387,0.000523928897430922,"FALSE",0.006281561164011,0.033902473264556,0.172869372735029,0.0363370391448072,0.000260562555440677,0.0074163983572237,0.0564816071513175,0.0046132284221767,"FALSE"
"ECP","ECP Emerging Growth Ltd","15,020,800",0.00111853999145524,0.445775306507984,0.969875189440925,0.325553052918487,"FALSE",-0.000495327674499019,0.0291600927314356,0.159716405679497,-0.00310129490074421,-9.32677899775655e-05,0.00265468337613456,0.0202174662605496,-0.00461322842217669,"FALSE"
"EFF","Evans & Partners Australian Flagship Fund","23,435,300",-0.00748550271130588,1.1979620359125,0.477685101444643,0.254959883671003,"FALSE",-0.0169339564243668,0.0191257961927624,0.0876454087796319,-0.19320985160722,-0.00025064482023879,0.00713410961878902,0.0543317601690584,-0.00461322842217673,"TRUE"
"EGD","Evans & Partners Global Disruption Fund","278,122,000",0.012702044174642,0.340172725241193,0.236452043671726,0.00305373001387585,"FALSE",0.0114077820907753,0.010804815789679,0.0611212681148278,0.186641776956323,-7.11729829595735e-05,0.00202579834622582,0.0154280205630902,-0.00461322842217665,"FALSE"
"EGF","Evans & Partners Global Flagship Fund","188,152,000",-0.00510483996171598,0.319561121160909,0.452028574061787,3.04482318453843e-05,"FALSE",-0.00600123857528295,0.0069468822021884,0.052905878645031,-0.113432358160951,-6.68604992208056e-05,0.00190305201660961,0.0144932123671555,-0.00461322842217676,"TRUE"
"EGI","Ellerston Global Investments Ltd","93,717,400",-0.0040800157339096,0.623612409478697,0.704386214369173,0.119339673977521,"FALSE",-0.00504002978621269,0.0112359610852238,0.085570530251381,-0.0588991300089711,-0.000130475937956921,0.00371373979766343,0.0282829996732216,-0.00461322842217675,"TRUE"
"FGG","Future Generation Global Investment Company Ltd","421,889,000",-0.00252987356871176,0.43675555935994,0.600634802773582,3.14165706353468e-06,"FALSE",-0.00239148567558195,0.00544990492812823,0.0400484586617808,-0.0597147994078535,-9.13806242454753e-05,0.00260096893197115,0.0198083892412934,-0.00461322842217677,"TRUE"
"FGX","Future Generation Investment Company Ltd","346,467,000",-0.00542161996211867,0.705211813676281,0.151624624151164,0.000779825853542016,"FALSE",-0.00639870673240745,0.00559493740731042,0.0426097738355867,-0.150169929488417,-0.000147548655942611,0.00419968098521535,0.0319838175004111,-0.00461322842217678,"TRUE"
"FOR","Forager Australian Shares Fund","71,721,600",-0.0200620888401431,1.06653033610842,0.155579930792466,0.821208471404203,"FALSE",-0.0217457669446302,0.0159219725976897,0.0994326870031262,-0.218698373744507,-0.000223145889735556,0.00635140689059121,0.0483708737817633,-0.00461322842217678,"TRUE"
"FPC","Fat Prophets Global Contrarian Fund Ltd","28,353,800",-0.00970166778854298,0.836854500202961,0.479699620593352,0.563127435209267,"FALSE",-0.0122034800374064,0.0150292346745987,0.090175408047592,-0.135330466494432,-0.000175091730356566,0.00498364018261833,0.0379542728720874,-0.00461322842217676,"TRUE"
"FPP","Fat Prophets Global Property Fund","12,528,100",-0.00648064373479037,0.770525971009831,0.599929689073838,0.321671560720485,"FALSE",-0.00935870398964173,0.0142986793952666,0.0770007450678891,-0.121540434204766,-0.000161214076659759,0.0045886401876841,0.0349460425338509,-0.00461322842217675,"TRUE"
"FSI","Flagship Investments Ltd","35,703,800",-0.00202135566640926,0.499901506182128,0.901296236723488,0.308577720355672,"FALSE",-0.000921333835392328,0.0161219138115022,0.121717780056547,-0.00756942687390702,-0.000104592398922458,0.00297701599615759,0.0226722783592636,-0.00461322842217677,"TRUE"
"GC1","Glennon Small Companies Ltd","22,104,600",-0.0163645597115816,1.40891762921094,0.0940790627734073,0.0643161499586892,"FALSE",-0.0149622173079128,0.012748795084012,0.0945475948143423,-0.158250639133584,-0.000294782217898796,0.00839039344262602,0.0638993327279681,-0.00461322842217681,"TRUE"
"GCI","Gryphon Capital Income Trust","340,109,000",0.00195067053811298,0.0521730793014434,0.679819304163015,9.47574290336153e-11,"FALSE",0.000830975176469567,0.0045770984988676,0.0214684949333527,0.0387067271855463,-1.09159653568268e-05,0.000310701387630163,0.00236623127186839,-0.00461322842217681,"FALSE"
"GFL","Global Masters Fund Ltd","18,336,600",0.00365156282759033,0.0310531809710755,0.802678586553856,0.00407697985033702,"FALSE",0.00281552758000537,0.0144168604231418,0.109795537881557,0.025643369797438,-6.49713323879169e-06,0.000184928061506555,0.00140837015734117,-0.00461322842217665,"FALSE"
"GVF","Global Value Fund Ltd","138,834,000",-0.00408843077658786,0.25040710201155,0.46618341243919,1.26829256498447e-07,"FALSE",-0.00497036057046032,0.00572085320498669,0.043568719981133,-0.114080940927635,-5.23916795262996e-05,0.00149122564949475,0.0113568361961966,-0.00461322842217674,"TRUE"
"HHY","HHY Fund","3,646,730",-0.0233505605768294,1.04284259757067,0.359675669433225,0.939541361988101,"FALSE",-0.0243982884898251,0.0258181098070915,0.196624866313089,-0.124085467658883,-0.000218189798649465,0.00621034154938381,0.0472965521500264,-0.00461322842217671,"TRUE"
"HM1","Hearts and Minds Investments Ltd","534,955,000",0.00657156431791407,0.296733574641188,0.60953408062642,0.00221437533596348,"FALSE",0.00444422288779215,0.0131582306495348,0.0526329225981394,0.0844380792175363,-6.20843826808754e-05,0.00176710929528985,0.0134579034461906,-0.00461322842217664,"FALSE"
"IBC","Ironbark Capital Ltd","49,882,500",-0.0033489395628307,0.60544184025033,0.743823634243978,0.0874128685850225,"FALSE",-0.00430515185938414,0.0107311948258899,0.0817263449487983,-0.0526776507878987,-0.00012667418220728,0.00360553033123219,0.0274589009289747,-0.00461322842217668,"TRUE"
"KAT","Katana Capital Ltd","22,164,300",-0.0169756947346064,1.34559279918464,0.769978986024941,0.788960810073872,"FALSE",-0.0180867658651549,0.0578234055307805,0.44036993673078,-0.0410717543514152,-0.000281533016202256,0.00801328109227121,0.0610273306322468,-0.0046132284221767,"TRUE"
"KKC","KKR Credit Income Fund","573,500,000",-0.0122683493555014,0.610839800692688,0.641163515017385,0.166882951931086,"FALSE",-0.0571316146360545,0.0384070940606675,0.076814188121335,-0.743763828445468,-0.000127803575947795,0.0036376762927562,0.0277037172782114,-0.00461322842217679,"TRUE"
"LRT","Lowell Resources Fund","12,458,500",-0.0963627886969639,6.58910813251611,0.130223310350465,2.62520933463562e-05,"FALSE",-0.118287738057867,0.0995765177381724,0.487823317643441,-0.242480696964808,-0.00137861282235916,0.0392394903162502,0.298839055038306,-0.00461322842217676,"TRUE"
"LSF","L1 Long Short Fund Ltd","575,086,000",-0.0213357631840002,0.359208391885053,0.394577142502146,0.138533914598763,"FALSE",-0.0237859387825832,0.0243330209206386,0.116697068788627,-0.203826360246174,-7.51557395921272e-05,0.00213915964519268,0.0162913544950078,-0.00461322842217677,"TRUE"
"LSX","Lion Selection Group Ltd","55,549,900",0.0053215809434321,0.295403336594188,0.832853035200188,0.212098873465515,"FALSE",0.00443023676680768,0.0249388994434328,0.18992899967114,0.0233257521204165,-6.18060622782513e-05,0.00175918745489601,0.0133975725071702,-0.00461322842217673,"FALSE"
"MA1","Monash Absolute Investment Company Ltd","34,575,800",-0.0044836054008966,0.571099600073286,0.803481369032953,0.279944228596331,"FALSE",-0.00442569356597761,0.0181180382121168,0.12421101201914,-0.0356304444673202,-0.000119488892225019,0.0034010152475875,0.0259013604552099,-0.00461322842217674,"TRUE"
"MAX","Millinium's Alternatives Fund","5,997,230",-0.00182333834016504,-0.643511479711688,0.848839423836077,8.67952210633284e-07,"FALSE",-0.00602079783756931,0.00970740540569249,0.0726435702852372,-0.0828813591337604,0.000134639341079848,0.00383224284208253,0.0291854919718716,0.0046132284221767,"TRUE"
"MEC","Morphic Ethical Equities Fund Ltd","42,791,800",-0.00209995154991712,-0.512373291310483,0.95700702576116,0.0599698847500009,"FALSE",-0.0021874517908815,0.0383014876917393,0.223334132231541,-0.00979452522113218,0.000107201820797144,0.00305128803448633,0.0232379173512853,0.00461322842217676,"TRUE"
"MFF","MFF Capital Investments Ltd","1,448,440,000",0.00642471646827346,0.525970437172704,0.466931767292184,0.0183348886660305,"FALSE",0.00548513165651618,0.00924087748934966,0.0703764262579724,0.0779399004491908,-0.000110046697411117,0.00313226182679007,0.023854595380992,-0.00461322842217668,"FALSE"
"MGG","Magellan Global Trust","1,972,300,000",0.0054672917920724,0.318796179673554,0.4694347227044,3.86905808183497e-05,"FALSE",0.00379020141220836,0.00799102865346257,0.04303300627743,0.0880766123513021,-6.67004535633927e-05,0.00189849663316743,0.0144585196004497,-0.00461322842217665,"FALSE"
"MHH","Magellan High Conviction Trust","812,922,000",-0.0155962508845008,0.143817444971526,0.699149097540145,0.0789613927873815,"FALSE",-0.023464589153349,0.0294712046078568,0.0658996168819729,-0.356065638368951,-3.00903505799604e-05,0.000856462380913014,0.0065226231667415,-0.00461322842217675,"TRUE"
"MIR","Mirrabooka Investments Ltd","307,053,000",-0.0033090177482697,0.147990860934655,0.867723007669032,0.0577986250756257,"FALSE",-0.00416951940037747,0.0196222222291099,0.14943839232974,-0.0279012597457373,-3.09635377616085e-05,0.00088131592891638,0.00671190214921084,-0.00461322842217672,"TRUE"
"MLT","Milton Corporation Ltd","2,410,060,000",-0.00207968841730893,0.356208660195714,0.847616196057356,0.00947456776853028,"FALSE",-0.00298375464934644,0.010886294620178,0.0829075497908628,-0.0359889377610732,-7.45281176913486e-05,0.00212129562775544,0.0161553061914465,-0.00461322842217671,"TRUE"
"MMJ","MMJ Group Holdings Ltd","17,054,300",-0.00849170029485674,0.916256645624339,0.789015702004696,0.905529396433592,"FALSE",-0.00951294313385237,0.0317759842006301,0.241998685887515,-0.0393098958325506,-0.000191704724649453,0.00545649624351316,0.041555437343595,-0.00461322842217666,"TRUE"
"MMR","Mec Resources Ltd","2,737,800",-0.0271324260169128,0.117334789580091,0.234830855022474,0.084457407747222,"FALSE",-0.0279865136214435,0.0224043193731776,0.170626212937431,-0.164022357055455,-2.45494901845172e-05,0.000698752736620987,0.00532154229920692,-0.00461322842217676,"TRUE"
"MOT","MCP Income Opportunities Trust","256,052,000",0.0536067880709319,0.24503449131441,0.33177751926291,0.537820203699273,"FALSE",0.0527259823669738,0.0542917821625628,0.413473894463068,0.127519495361232,-5.12675896119043e-05,0.0014592306509026,0.0111131695463963,-0.00461322842217672,"FALSE"
"MXT","MCP Master Income Trust","1,078,970,000",0.00145168255138906,-0.0169589793934689,0.672339631534906,1.58051656413452e-15,"FALSE",0.000651983300948596,0.00333960934329019,0.0182917937057505,0.0356434864418807,3.54825963935648e-06,0.000100994200474503,0.00076914891582195,0.00461322842217705,"FALSE"
"NAC","Naos Ex-50 Opportunities Company Ltd","29,757,500",-0.00499859785118302,0.608961164878053,0.693582869361612,0.169130167060487,"FALSE",-0.00595554648199601,0.0130252359627134,0.0991972417423643,-0.0600374201680304,-0.000127410516466828,0.00362648863118296,0.0276185145860844,-0.00461322842217676,"TRUE"
"NBI","NB Global Corporate Income Trust","668,301,000",-0.00317589081585309,0.571206935296152,0.625586626094592,0.000426349022248575,"FALSE",-0.00912919113837011,0.0109227684072235,0.0463413816604677,-0.196998682630085,-0.00011951134954573,0.00340165445085348,0.0259062284822522,-0.00461322842217671,"TRUE"
"NCC","Naos Emerging Opportunities Company Ltd","46,956,100",-0.00665395194613734,0.716136169127679,0.475678834119027,0.173872873821354,"FALSE",-0.00763332437575943,0.010126142272984,0.0771184019887434,-0.0989818795373072,-0.000149834315275927,0.00426473776244912,0.0324792751548223,-0.0046132284221768,"TRUE"
"NEW","NEW Energy Solar","362,175,000",-0.00739409542723851,0.412859464784013,0.284090431382736,6.08278163675168e-05,"FALSE",-0.0100779593863418,0.00797051416278438,0.0414160064771696,-0.243334890144399,-8.63809396562794e-05,0.0024586627878238,0.0187246179358969,-0.00461322842217672,"TRUE"
"NGE","NGE Capital Ltd","14,877,900",0.0127249519392667,0.768360470371603,0.877721048183025,0.899786450051286,"FALSE",0.011734652827325,0.0817301629688391,0.62243837707596,0.0188527141955018,-0.000160760997595545,0.00457574418725208,0.0348478295205875,-0.00461322842217678,"FALSE"
"NSC","Naos Small Cap Opportunities Company Ltd","66,290,800",-0.0119948318715727,0.672261150144986,0.367070671066047,0.268716846161898,"FALSE",-0.0129650245059123,0.0136736236305212,0.104135215105029,-0.124501826714777,-0.000140654519993418,0.00400345302590023,0.0304893898852404,-0.00461322842217671,"TRUE"
"OEQ","Orion Equities Ltd","890,719",-0.0285873301115149,-0.204375081063336,0.231796122025758,0.0258211888979702,"FALSE",-0.0293741076425381,0.0234711392963976,0.17875087141749,-0.164329871007633,4.2760583322984e-05,0.00121709552385283,0.0092691233578257,0.00461322842217676,"TRUE"
"OPH","Ophir High Conviction Fund","397,999,000",0.00673252614552424,0.56614305827621,0.685849696917241,0.0887704978087839,"FALSE",0.00339520206788485,0.0188015392969015,0.0728180485799639,0.0466258315636742,-0.000118451854747628,0.0033714980246285,0.025676563982439,-0.00461322842217676,"FALSE"
"OZG","Ozgrowth Ltd","40,694,300",-0.00159987034463401,0.962230285939902,0.978369494823856,0.977040760254025,"FALSE",-0.00263073206508596,0.0585072595547658,0.445578013814985,-0.00590408858498639,-0.000201323606105779,0.00573027870051412,0.0436405024164803,-0.00461322842217673,"TRUE"
"PAF","PM Capital Asian Opportunities Fund Ltd","40,039,900",-0.00500458054472609,0.466030665826434,0.700189108455651,0.068611567327953,"FALSE",-0.0059316243971175,0.0131131810732964,0.0998670117503346,-0.0593952326514628,-9.75057380452414e-05,0.00277530819513035,0.0211361175129574,-0.00461322842217668,"TRUE"
"PAI","Platinum Asia Investments Ltd","345,487,000",-0.00193793008335235,0.344925946710345,0.806701041185462,0.000516687956605278,"FALSE",-0.0020030525255466,0.00807539858348104,0.0593418179973678,-0.0337544853384075,-7.21674805354367e-05,0.00205410475493224,0.0156435957492401,-0.00461322842217667,"TRUE"
"PCI","Perpetual Credit Income Trust","360,300,000",0,0,0,0,"FALSE",-0.000829538114346162,0,NA,NA,0,0,0,NA,NA
"PE1","Pengana Private Equity Trust","221,775,000",0.00332366470460366,-0.219589711198928,0.829836638413369,0.000139774973269012,"FALSE",0.00602186252019326,0.0149089326719861,0.0494473356976487,0.121783356681028,4.59438797222149e-05,0.00130770176674096,0.00995915994563651,0.00461322842217678,"FALSE"
"PGF","PM Capital Global Opportunities Fund Ltd","311,674,000",-0.00348929452391611,0.690070089732504,0.75216300861889,0.210277125829163,"FALSE",-0.00446321325167747,0.0116473803990558,0.0887038063968955,-0.0503159157760076,-0.000144380613415201,0.0041095089136521,0.0312970874628997,-0.00461322842217675,"TRUE"
"PGG","Partners Group Global Income Fund","398,841,000",0.000551384240059997,1.08765058165039,0.976409462815843,0.63444242716106,"FALSE",-0.048304339016711,0.0472943411541225,0.115847003548711,-0.416966667561669,-0.000227564794499287,0.00647718228443112,0.0493287506435487,-0.00461322842217671,"TRUE"
"PIA","Pengana International Equities Ltd","233,694,000",-0.00217967445548711,0.0969466108040173,0.816932038132902,6.17623008296708e-05,"FALSE",-0.00302949632266458,0.00930679228329944,0.0708784183730136,-0.0427421546953993,-2.02837528313022e-05,0.000577336950514557,0.00439686722075024,-0.00461322842217673,"TRUE"
"PIC","Perpetual Equity Investment Company Ltd","277,305,000",-0.002544995057532,0.614208219206156,0.695897202149596,0.00970827689102357,"FALSE",-0.00350304150860091,0.00738938712765651,0.0562758957556234,-0.0622476366047158,-0.000128508336722747,0.00365773591584663,0.0278564868162572,-0.00461322842217666,"TRUE"
"PL8","Plato Income Maximiser Ltd","364,168,000",-0.00468628605735206,0.897342937523733,0.569481289126907,0.534819450407189,"FALSE",-0.00681538926680929,0.0111786768675566,0.0651823270627424,-0.104558851669242,-0.000187747484916637,0.00534386123268436,0.0406976346573463,-0.00461322842217679,"TRUE"
"PMC","Platinum Capital Ltd","364,523,000",-0.00362111708194816,-0.122282549020081,0.786272932300538,0.000362802959607711,"FALSE",-0.00442507050612997,0.0131934798884185,0.100478549306974,-0.0440399521753729,2.55846901643531e-05,0.000728217658842334,0.00554594046142663,0.0046132284221767,"TRUE"
"QRI","Qualitas Real Estate Income Fund","293,146,000",0.0015791464624149,0.00225537709234478,0.866499180433203,4.36525235129136e-06,"FALSE",0.000739744159722985,0.00889104134627595,0.0355641653851038,0.0208002676771048,-4.71883556352356e-07,1.34312331494189e-05,0.000102289224197932,-0.00461322842217721,"FALSE"
"QVE","QV Equities Ltd","184,923,000",-0.00690410700985746,0.772403680446245,0.433200172674755,0.246940031764134,"FALSE",-0.00789525206652193,0.00981351329322528,0.074737490612583,-0.105639780006109,-0.000161606942318303,0.00459982233248505,0.0350312032114918,-0.00461322842217673,"TRUE"
"RF1","Regal Investment Fund","170,194,000",0,0,0,0,"FALSE",-0.000829538114346162,0,NA,NA,0,0,0,NA,NA
"RYD","Ryder Capital Ltd","67,039,700",1.77548072528615e-05,0.700137715385728,0.997945594705282,0.0570412635463785,"FALSE",0.00073984320117551,0.00802456070292332,0.0589682373964549,0.0125464696562219,-0.000146487022588809,0.00416946368922755,0.0317536894302953,-0.00461322842217667,"FALSE"
"SEC","Spheria Emerging Companies Ltd","77,417,600",-0.0114317637227407,0.696268648421238,0.565842544584634,0.400308468662425,"FALSE",-0.0153885377606645,0.0206250562177832,0.107170935834495,-0.143588722453905,-0.000145677513134641,0.00414642260193125,0.0315782137373343,-0.00461322842217669,"TRUE"
"SNC","Sandon Capital Investments Ltd","58,662,000",-0.00123799946196369,0.563962535782637,0.889811115386331,0.0316547637022478,"FALSE",-0.00218553320903036,0.00943480383261727,0.0718533252875483,-0.0304165910246203,-0.000117995632720514,0.003358512565967,0.0255776696755975,-0.00461322842217675,"TRUE"
"SOR","Strategic Elements Ltd","12,028,000",-0.0195191594022903,0.601406070468237,0.407828829303371,0.447057960241967,"FALSE",-0.0204745273108238,0.0234728663910096,0.178764024578188,-0.114533823900729,-0.000125829794187264,0.00358149649446731,0.02727586468131,-0.00461322842217665,"TRUE"
"SVS","Sunvest Corporation Ltd","1,945,440",-0.00451419903209528,0.448688379229646,0.93329856834912,0.646123143983939,"FALSE",-0.00543761442700951,0.0532874554255845,0.405825169910088,-0.0133989087670788,-9.38772805680639e-05,0.00267203132164604,0.0203495842774179,-0.00461322842217667,"TRUE"
"TEK","Thorney Technologies Ltd","41,165,600",-0.0647178089727403,-0.122250715421326,0.503505561446821,0.601676517592838,"FALSE",-0.065521769057339,0.095270633933596,0.725559531690086,-0.0903051592537355,2.55780297474132e-05,0.000728028083232864,0.0055444966965985,0.00461322842217674,"TRUE"
"TGF","Tribeca Global Natural Resources Ltd","55,125,000",-0.023941753493991,-0.139760880886831,0.54523130713034,0.0752069519724481,"FALSE",-0.0241057556180339,0.0374199060977234,0.154286225341608,-0.15624049110451,2.92416118509228e-05,0.000832304709811347,0.00633864382486512,0.00461322842217673,"TRUE"
"TGG","Templeton Global Growth Fund Ltd","217,859,000",-0.00398168007112417,0.380135172428094,0.690480566488894,0.00696727488658344,"FALSE",-0.00489075235191585,0.010116278034327,0.077043278185269,-0.0634805847715211,-7.95341664455215e-05,0.00226378291528543,0.017240457043745,-0.00461322842217673,"TRUE"
"TOP","Thorney Opportunities Ltd","76,126,000",0.000231579349109502,-0.155713211095274,0.994677460489366,0.138323384580718,"FALSE",-0.000565379510941634,0.0342680921704342,0.260978014740858,-0.00216638750778695,3.25792542950255e-05,0.000927304107931224,0.00706213768613974,0.00461322842217676,"TRUE"
"VG1","Vgi Partners Global Investments Ltd","911,503,000",0.00248482145448086,0.0593327431041265,0.774429723402884,3.08745016651035e-06,"FALSE",0.00155088898917999,0.00845316002968285,0.0462998643045834,0.0334966206159369,-1.24139532671255e-05,0.000353338653979851,0.0026909470182419,-0.00461322842217681,"FALSE"
"VG8","Vgi Partners Asian Investments Ltd","485,312,000",-0.0278009236457347,-0.948286909866545,0.626861970449348,0.0388645122966987,"FALSE",0.039728880602675,0.0637639827970544,0.127527965594109,0.311530733024649,0.000198406289125221,0.0056472430362933,0.0430081216380797,0.00461322842217667,"FALSE"
"WAA","Wam Active Ltd","35,960,100",-0.00402024358582262,0.706251012792645,0.461358281765724,0.0180262478439369,"FALSE",-0.004997547783599,0.00682288139870799,0.0519615166607795,-0.0961778659430691,-0.000147766083430213,0.00420586962908689,0.0320309488079697,-0.00461322842217672,"TRUE"
"WAM","WAM Capital Ltd","1,262,210,000",-0.00450380917671467,0.713294173282218,0.785827380172477,0.437808882700826,"FALSE",-0.00548258698687767,0.0168923868016848,0.128648585098121,-0.0426167686391269,-0.000149239695816832,0.00424781309431286,0.0323503807224045,-0.00461322842217665,"TRUE"
"WAX","Wam Research Ltd","232,476,000",-0.00463173308313805,0.922800303507167,0.793725051546195,0.844629208499465,"FALSE",-0.00565434502558151,0.0183177003551904,0.139503449726333,-0.0405319369282535,-0.000193073828097291,0.00549546506827094,0.0418522150711524,-0.00461322842217668,"TRUE"
"WGB","Wam Global Ltd","349,549,000",-1.96098526651869e-05,0.0984249039869041,0.999238221885992,0.0134300362256616,"FALSE",-0.00155728054120311,0.0196666854790884,0.0901240748768114,-0.0172792957190598,-2.05930502196808e-05,0.000586140489607838,0.00446391297701328,-0.00461322842217664,"TRUE"
"WHF","Whitefield Ltd","388,129,000",-0.00200911624927799,0.634585159626167,0.651531027492918,0.000473203170965007,"FALSE",-0.00297142608634369,0.00578922564328224,0.0440894289578866,-0.067395431435094,-0.000132771722719535,0.00377908477523778,0.0287806521960356,-0.00461322842217674,"TRUE"
"WIC","Westoz Investment Company Ltd","91,214,700",-0.00614657539085104,0.906308902377586,0.63468049746103,0.744566134334965,"FALSE",-0.00716573690319096,0.0138470738334417,0.105456172495637,-0.0679499050042557,-0.000189623397993758,0.00539725539225542,0.0411042724618178,-0.00461322842217682,"TRUE"
"WLE","Wam Leaders Ltd","785,143,000",-0.00156615594054236,0.564745326583963,0.785106867972887,0.00111334413942303,"FALSE",-0.00200475539817707,0.00683367259317029,0.0463482225235202,-0.0432542024057066,-0.000118159412918716,0.00336317424573466,0.0256131719710002,-0.00461322842217664,"TRUE"
"WMI","Wam Microcap Ltd","147,799,000",-0.00150164904351695,1.00511838788246,0.888129011903758,0.980646714746756,"FALSE",-0.00387254580474908,0.0137549343303348,0.0790160819596248,-0.0490095903100822,-0.000210296912671032,0.00598568614367815,0.0455856275531663,-0.00461322842217678,"TRUE"
"WQG","WCM Global Growth Ltd","175,752,000",0.00363160298752387,0.203177855023024,0.816419437723095,0.0141989204592587,"FALSE",0.00249048969211346,0.0153670922288297,0.0882772240036396,0.0282121432818365,-4.25100924921703e-05,0.00120996579723879,0.00921482497762634,-0.00461322842217678,"FALSE"
"X8EC","8IP Emerging Companies Ltd","3,199,410",-0.0476957558110892,0.222872312114348,0.193572774890404,0.337099216693958,"FALSE",-0.0481973347291394,0.0358451626066728,0.258483143511406,-0.18646219662294,-4.66306852233033e-05,0.00132725032843432,0.0101080373560392,-0.00461322842217666,"TRUE"
"X8IH","8I Holdings Ltd","28,940,700",-0.00415926114633484,-1.65950386294862,0.973275914286393,0.337501319209932,"FALSE",-0.00464158788423908,0.122911228245703,0.936064026482324,-0.00495862222339845,0.000347211376441908,0.00988268585828871,0.0752642931732567,0.0046132284221767,"TRUE"
"ZER","ZETA Resources Ltd","50,349,800",-0.0242684004100787,2.7556827413956,0.647510904188155,0.14045913570968,"FALSE",-0.0256744990369006,0.0548390862935045,0.417642038544222,-0.061474891575557,-0.000576560512475779,0.0164106558992468,0.124979831847071,-0.00461322842217677,"TRUE"
